joontube,Seongjoon Jeong
garrett528,Andrew Garrett
arosenber,Aaron Rosenberg
jcechace,Jakub Cechacek
taylor-rolison,Taylor Rolison
adriank-convoy,Adrian Kreuziger
trolison,Taylor Rolison
tomaz.fernandes,Tomaz Lemos Fernandes
vucina.ivan,Ivan Vucina
dleibovic,David Leibovic
jbragg,Jordan Bragg
rkerner,René Kerner
Eric Kreiser,Eric S. Kreiseir
PSanetra,Philip Sanetra
rkuchar,Roman Kuchar
jorkzijlstra,JOrk Zijlstra
ShubhamRwt,Shubham Rawat
SyedMuhammadSufyian,Syed Muhammad Sufyian
LiuHanlin,Liu Hanlin
GraySmog,Wang-Yu-Chao
Brendan Maguire,Brandon Maguire
BinLi1988,Bin Li
cmartinez-enve,César Martínez
Cesar Martinez,César Martínez
brandonbrown,Brandon Brown
hpgrahsl,Hans-Peter Grahsl
jchipmunk,Andrey Pustovetov
luobo,Leo Mei
oripwk,Ori Popowski
PengLv,Peng Lyu
pradeepmvn,Pradeep Mamillapalli
Steviep,Stephen Powis
s0r01ed,Sagar Rao
pmx,MaoXiang Pan
mokkara,Ram Satish
bmiedlar,Bartosz Miedlar
pancheng,Cheng Pan
ssouris,Stathis Souris
jerrinot,Jaromir Hamala
pan3793,Cheng Pan
liulangwa,Liu Lang Wa
prmellor,Paul Mellor
daanroosen-DS,Daan Roosen
jgraf50,John Graf
42790076+Alan-zhangzf@users.noreply.github.com,Alan Zhang
FrankMormino,Frank Mormino
Fatih GÃ¼Ã§lÃ¼ Akkaya,Fatih Güçlü Akkaya
rk3rn3r,René Kerner
JanHendrikDolling,Jan Hendrik Dolling
dajerome,David Jerome
TovaCohen,Tova Cohen
renardeinside,Ivan Trusov
linhnh,Linh Nguyen Hoang
victorxiang30,Victor Xiang
AndreyIg,Andrey Ignatenko
eric-weaver,Eric Weaver
ericpangiawan,Eric Pangiawan
karamel,Michael Wang
alisator,Alisa Houskova
ani-sha,Anisha Mohanty
vanhoale,Hoa Le
mans2singh,Mans Singh
Hussain,Mohamed Pudukulathan
hauntingEcho,Matt Bear
zxxz,Giovanni De Stefano
mpermar,Martín Pérez
harveyyue,Harvey Yue
sheldon.fuchs,Sheldon Fuchs
roldanbob,Robert Roldan
ignatan,Andrey Ignatenko
zrlurb,Peter Urbanetz
DLiseichykau,Victar Malinouski
xuans,Xuan Shen
kewenchao,WenChao Ke
mengqiu,Meng Qiu
wangzheng422,Zheng Wang
martper2,Martín Pérez
fuxiao224,Xiao Fu
plarsson,Peter Larsson
pln,Peter Larsson
uidoyen,Hussain Ansari
siufay325,SiuFay
JeremyVigny,Jeremy Vigny
JLDLaughlin,Jessica Laughlin
RaghavaPonnam,Raghava Ponnam
kyleyj,Kyley Jex
raphaelauv,Raphael Auv
chriscollingwood,Chris Collingwood
jackey.zhang,Jackey Zhang
gvaquez-ubi,Gilles Vaquez
camile.sing,Camile Sing
camilesing,Camile Sing
spicy-sauce,Yossi Shirizli
bep7520,Blake Peno
Kate,Katerina Galieva
pkgonan,민규 김
jiabao.sun,Jiabao Sun
indraraj,Indra Shukla
judahrand,Judah Rand
zxpzlp,Xiaopu Zhu
unalsurmeli,Ünal Sürmeli
juanfiallo,Juan Fiallo
cburch824,Christopher Burch
gkorland,Guy Korland
famartinrh,Fabian Martinez
PlugaruT,Plugaru Tudor
lujiefsi,陆杰
ahodavdekar,Abhishek Hodavdekar
josetesan,Jose Luis
yw,Yang Wu
narcsfz,Yang Wu
TomBillietKlarrio,Tom Billiet
wndemon,魏南
AChangFeng,胡琴
sarumont,Richard Kolkovich
poonam-meghnani,Poonam Meghnani
Oscar,Oscar Romero
nathan-smit-1,Nathan Smit
snigdhasjg,Snigdhajyoti Ghosh
isacandrei,Andrei Isac
daha,David Haglund
fuyar,Farid Uyar
jmks,Jason Schweier
pmalon,Paweł Malon
limer2,Li Mo
yingyingtang-brex,Yingying Tang
zalmane,Oren Elias
asibanovs,Aleksejs Sibanovs
AleksejsSibanovs,Aleksejs Sibanovs
nenad,Nenad Stojanovikj
miphik,Andrey Savchuk
narzdavid,Narz David
LarsWerkman,Lars Werkman
chadthamn,Chad Marmon
xinbinhuang,Xinbin Huang
xqshe,Xinquan She
wangminchao,Wang Min Chao
markallanson,Mark Allanson
AlexMiroshnikov,Alexey Miroshnikov
roeselert,Timo Roeseler
troeselereos,Timo Roeseler
Himanshu-LT,Himanshu Mishra
Chrisss93,Chris Lee
connorszczepaniak-wk,Connor Szczepaniak
ajunwalker,Andrew Walker
alwaysbemark,Mark Bereznitsky
Eliran,Eliran Agranovich
rahulkhanna,Rahul Khanna
ProofOfPizza,Chai Stofkoper
kanha gupta,Kanha Gupta
gongzhongqiang,Zhongqiang Gong
doupengwei,Pengwei Dou
fisache,Inki Hwang
ggaborg,Gabor Andras
comil4444,崔世杰
BetaCat,合龙 张
tjwornjs,Seo Jae-kwon
druud,Ruud H.G. van Tol
thangdc94,Phạm Ngọc Thắng
debjeetsarkar,Debjeet Sarkar
nicholas-fwang,Inki Hwang
gmouss,Moustapha Mahfoud
avis408,Avinash Vishwakarma
nirolevy,Niro Levy
nirlevy,Nir Levy
rajdangwal,Rajendra Dangwal
Sage-Pierce,Sage Pierce
joschi,Jochen Schalanda
janjwerner-confluent,Jan Werner
enzo-cappa,Enzo Cappa
zhanghelong,Helong Zhang
Théophile Helleboid - chtitux,Théophile Helleboid
dude0001,Mark Lambert
adasari,Anil Dasari
mkobayas,Masazumi Kobayashi
Skezzowski,Balázs Sipos
subodh,Subodh Kant Chaturvedi
sahapasci,Sahap Asci
mfvitale,Mario Fiore Vitale
Raul Estrada,Raúl Estrada
xiaowu,Wu Zhenhua
yoheimuta,Yohei Yoshimuta
nancyxu123,Nancy Xu
govi20,Govinda Sakhare
akshansh,Akshansh Jain
erdinc,Erdinç Taşkın
luca.scannapieco,Luca Scannapieco
sunxiaojian,Sun Xiao Jian
Sanapalli Lokesh,Lokesh Sanapalli
TimLoes,Tim Loes
jbarrieault,Jacob Barrieault
ingmarfjolla,Ingmar Fjolla
Mehmet Firat KOMURCU,Mehmet Firat Komurcu
shantanu-sharechat,Shantanu Sharma
imtj1,Tony Joseph
sondn,Đỗ Ngọc Sơn
Fiore Mario Vitale,Mario Fiore Vitale
smallYellowCat,Dou Pengwei
ShuranZhang,Shuran Zhang
Henko,Henrik Schnell
caicancai,蔡灿材
eizners,Sergey Eizner
twthorn,Thomas Thornton
tthorn,Thomas Thornton
hiscat,My Lang Pangzi
bpaquet,Bertrand Paquet
brenoavm,Breno Moreira
ddsr-ops,ddsr-ops
subkanthi,Kanthi Subramanian
benw-at-birdie,Ben White
miguelbirdie,Miguel Angel Sotomayor
umachi,Hidetomi Umaki
sclarkson-zoomcare,Stephen Clarkson
gongchanghua,Gong Chang Hua
angsdey2,Angshuman Dey
xidui,Yue Wang
jehrenzweig-pi,Jesse Ehrenzweig
TechIsCool,David Beck
cjmencias,Christian Jacob Mencias
bdbene,Balint Bene
agukasian,Artur Gukasian
Ychopada,Yashashree Chopada
gurpiarbassi,Gurps Bassi
mfortunat,Massimo Fortunat
paul cheung,Paul Cheung
faihofu,Fai Ho Fu
j2gg0s,Yanjie Wang
REMY David,David Remy
tyrantlucifer,Chao Tian
ryanvanhuuksloot,Ryan van Huuksloot
vsantona,Vincenzo Santonastaso
“vsantonastaso”,Vincenzo Santonastaso
rolevinks,Stein Rolevink
matan-cohen,Matan Cohen
BigGillyStyle,Andy Pickler
rkudryashov,Roman Kudryashov
pricelessjunk,Kaustuv Chakrabarti
laughingman7743,Tomoyuki Nakamura
dtseiler,Don Seiler
markducommun,Mark Ducommun
larsmjoh,Lars M Johansson
nrkljo,Lars M Johansson
ahmedrachid,Ahmed Rachid Hazourli
ahazourli,Ahmed Rachid Hazourli
sherpa003,Jiri Kulhanek
slknijnenburg,Sebastiaan Knijnenburg
baabgai,baabgai
methodmissing,Lourens Naudé
Prabhu19,Pavithrananda Prabhu
Lourens Naude,Lourens Naudé
overwatcheddude,حمود سمبول
wukachn,Peter Hamer
shybovycha,Artem Shubovych
Liaoyuxing,leoloel
iankko,Jan Lieskovsky
CliffordCheefoon,Clifford Cheefoon
Fr0z3Nn,Ivanov Sergey Vasilevich
Bue-Von-Hun,Bue Von Hun
nrkeli,Emil Lindström
akulapid,Akula
VWagen1989,Sean Wu
ArthurLR,Arthur Le Ray
Lars M Johansson,Lars M. Johansson
nivolg,Nick Golubev
zeldanerd24,Kevin Rothenberger
PradeepNain,Pradeep Nain
DLT1412,Duc Le Tu
gaurav7261,Gaurav Miglani
sullis,Sean C. Sullivan
einar-rt,einar-rt
michal-k-gl,Michal Pioun
michal.kluz,Michal Pioun
joontube,Seongjoon Jeong
chungeun-choi,Chungeun Choi
ashwinmk,Ashwin Murali Krishnan
ganesh-bankar,Ganesh Bankar
HenkvanDyk,Henk van Dyk
TimoWilhelm,Timo Wilhelm
ashishbinu,Ashish Binu
wltmlx,Lukas Langegger
GitHubSergei,Sergey Kazakov
jw-itq,Shiwanming